"100 % Albi","100 % Albi"
"100 % Auch","100 % Auch"
"100 % Carcassone","100 % Carcassone"
"100 % Castres","100 % Castres"
"100 % Catalogne","100 % Catalogne"
"100 % Foix","100 % Foix"
"100 % Montauban","100 % Montauban"
"100 % Pau","100 % Pau"
"100 % Saint-Gaudens","100 % Saint-Gaudens"
"100 % Tarbes","100 % Tarbes"
"100 % Toulouse","100 % Toulouse"
"47 FM","47 FM"
"47 FM SUA","47 FM SUA"
"Africa Numéro 1","Africa Numéro 1"
"Alouette","Alouette"
"Alpes 1 Alpes du Sud","Alpes 1 Alpes du Sud"
"Alpes 1 Grand Grenoble","Alpes 1 Grand Grenoble"
"Alta Frequenza","Alta Frequenza"
"Beur FM","Beur FM"
"BFM Business","BFM Business"
"BFM Radio","BFM Radio"
"Blackbox","Blackbox"
"Campus FM Toulouse","Campus FM Toulouse"
"Champagne FM","Champagne FM"
"Champagne FM Aisne","Champagne FM Aisne"
"Champagne FM Ardennes","Champagne FM Ardennes"
"Champagne FM Aube","Champagne FM Aube"
"Champagne FM Marne","Champagne FM Marne"
"Chante France","Chante France"
"Chérie","Chérie"
"Contact FM","Contact FM"
"Delta FM","Delta FM"
"Dreyeckland","Dreyeckland"
"Europe 1","Europe 1"
"Evasion Essonne","Evasion Essonne"
"Evasion Nord 77","Evasion Nord 77"
"Evasion Oise","Evasion Oise"
"Evasion Paris","Evasion Paris"
"Evasion Somme","Evasion Somme"
"Evasion Sud 77","Evasion Sud 77"
"Evasion Yvelines","Evasion Yvelines"
"FC Radio","FC Radio"
"Fip","Fip"
"FM 43","FM 43"
"FMR","FMR"
"Forum","Forum"
"France Bleu 107.1","France Bleu 107.1"
"France Bleu Alsace","France Bleu Alsace"
"France Bleu Occitanie","France Bleu Occitanie"
"France Bleu Poitou","France Bleu Poitou"
"France Culture","France Culture"
"France Info","France Info"
"France Inter","France Inter"
"France Musique","France Musique"
"Frequence Plus","Frequence Plus"
"Fun Radio","Fun Radio"
"Générations","Générations"
"Gold FM","Gold FM"
"Hit West","Hit West"
"Jazz Radio","Jazz Radio"
"Jordanne FM","Jordanne FM"
"La Radio Plus","La Radio Plus"
"Latina","Latina"
"M Radio","M Radio"
"Magnum La Radio","Magnum La Radio"
"Mona FM","Mona FM"
"Montagne FM","Montagne FM"
"Mouv","Mouv"
"Nostalgie","Nostalgie"
"Nova","Nova"
"NRadio","NRadio"
"NRJ","NRJ"
"NRJ France Ultra HD","NRJ France Ultra HD"
"Océane FM","Océane FM"
"ODS Radio","ODS Radio"
"Ouest FM","Ouest FM"
"Oui FM","Oui FM"
"Phare FM","Phare FM"
"Pyrenées FM","Pyrenées FM"
"Radio 6","Radio 6"
"Radio 6 Boulogne-sur-Mer","Radio 6 Boulogne-sur-Mer"
"Radio 6 Calais","Radio 6 Calais"
"Radio 6 Dunkerque","Radio 6 Dunkerque"
"Radio 6 Montreuil-sur-Mer","Radio 6 Montreuil-sur-Mer"
"Radio Bassin d'Arcachon","Radio Bassin d'Arcachon"
"Radio Campus Bordeaux","Radio Campus Bordeaux"
"Radio Classique","Radio Classique"
"Radio Cristal","Radio Cristal"
"Radio Espace","Radio Espace"
"Radio Esperance","Radio Esperance"
"Radio FG","Radio FG"
"Radio Isa Grenoble","Radio Isa Grenoble"
"Radio Isa Nord Isère","Radio Isa Nord Isère"
"Radio Métropolys","Radio Métropolys"
"Radio Numéro 1","Radio Numéro 1"
"Radio Peinard Skyrock","Radio Peinard Skyrock"
"Radio Scoop Bourg-en-Bresse","Radio Scoop Bourg-en-Bresse"
"Radio Scoop Clermont-Ferrand","Radio Scoop Clermont-Ferrand"
"Radio Scoop Lyon","Radio Scoop Lyon"
"Radio Scoop Saint-Etienne","Radio Scoop Saint-Etienne"
"Radio Star Franche-Comté","Radio Star Franche-Comté"
"Radio Star PACA","Radio Star PACA"
"Radio Sun","Radio Sun"
"Radio Vinci Autoroutes Ouest Centre","Radio Vinci Autoroutes Ouest Centre"
"Radio Vinci Autoroutes Toulouse","Radio Vinci Autoroutes Toulouse"
"RCF","RCF"
"RDL Radio","RDL Radio"
"RFI Monde","RFI Monde"
"RFM","RFM"
"Rire et Chansons","Rire et Chansons"
"RMC","RMC"
"RTL","RTL"
"RTL 2","RTL 2"
"RTS","RTS"
"RVA","RVA"
"RVM","RVM"
"Sanef 107 7 EST","Sanef 107 7 EST"
"Sanef 107 7 NORD","Sanef 107 7 NORD"
"Sanef 107 7 OUEST","Sanef 107 7 OUEST"
"Sensations Bernay","Sensations Bernay"
"Sensations Essonne","Sensations Essonne"
"Sensations Yvelines","Sensations Yvelines"
"Skyrock","Skyrock"
"Sud Radio","Sud Radio"
"Sweet FM","Sweet FM"
"Sweet FM Alençon","Sweet FM Alençon"
"Sweet FM Craon","Sweet FM Craon"
"Sweet FM Laigle","Sweet FM Laigle"
"Sweet FM Le Mans","Sweet FM Le Mans"
"Sweet FM Mamers","Sweet FM Mamers"
"Sweet FM Saint-Calais","Sweet FM Saint-Calais"
"Swigg","Swigg"
"Tendance Ouest Manche","Tendance Ouest Manche"
"Tendance Ouest Orne","Tendance Ouest Orne"
"Top Music Colmar","Top Music Colmar"
"Top Music Haguenau","Top Music Haguenau"
"Top Music Sarrebourg","Top Music Sarrebourg"
"Top Music Saverne","Top Music Saverne"
"Top Music Selestat","Top Music Selestat"
"Top Music Strasbourg","Top Music Strasbourg"
"Totem Auvergne","Totem Auvergne"
"Totem Aveyron","Totem Aveyron"
"Toulouse FM","Toulouse FM"
"TSF Jazz","TSF Jazz"
"Vibration","Vibration"
"Virage Radio","Virage Radio"
"Virgin Radio","Virgin Radio"
"Voltage","Voltage"
"Wit FM","Wit FM"
